-- phpMyAdmin SQL Dump
-- version 5.2.0
-- https://www.phpmyadmin.net/
--
-- Host: 127.0.0.1
-- Czas generowania: 16 Sty 2024, 11:11
-- Wersja serwera: 10.4.24-MariaDB
-- Wersja PHP: 8.1.6

SET SQL_MODE = "NO_AUTO_VALUE_ON_ZERO";
START TRANSACTION;
SET time_zone = "+00:00";


/*!40101 SET @OLD_CHARACTER_SET_CLIENT=@@CHARACTER_SET_CLIENT */;
/*!40101 SET @OLD_CHARACTER_SET_RESULTS=@@CHARACTER_SET_RESULTS */;
/*!40101 SET @OLD_COLLATION_CONNECTION=@@COLLATION_CONNECTION */;
/*!40101 SET NAMES utf8mb4 */;

--
-- Baza danych: `praca_inzynierska`
--

-- --------------------------------------------------------

--
-- Struktura tabeli dla tabeli `album`
--

CREATE TABLE `album` (
  `id` int(11) NOT NULL,
  `playlist_id` varchar(255) COLLATE utf8_polish_ci NOT NULL,
  `name` varchar(128) COLLATE utf8_polish_ci NOT NULL,
  `release_date` date NOT NULL
) ENGINE=InnoDB DEFAULT CHARSET=utf8 COLLATE=utf8_polish_ci;

-- --------------------------------------------------------

--
-- Struktura tabeli dla tabeli `album_artists`
--

CREATE TABLE `album_artists` (
  `album_id` int(11) NOT NULL,
  `artist_id` int(11) NOT NULL
) ENGINE=InnoDB DEFAULT CHARSET=utf8 COLLATE=utf8_polish_ci;

-- --------------------------------------------------------

--
-- Struktura tabeli dla tabeli `artist`
--

CREATE TABLE `artist` (
  `id` int(11) NOT NULL,
  `name` int(11) NOT NULL,
  `description` text COLLATE utf8_polish_ci NOT NULL
) ENGINE=InnoDB DEFAULT CHARSET=utf8 COLLATE=utf8_polish_ci;

-- --------------------------------------------------------

--
-- Struktura tabeli dla tabeli `connection`
--

CREATE TABLE `connection` (
  `access_token` varchar(511) COLLATE utf8_polish_ci NOT NULL,
  `refresh_token` varchar(511) COLLATE utf8_polish_ci NOT NULL,
  `user_id` varchar(255) COLLATE utf8_polish_ci DEFAULT NULL
) ENGINE=InnoDB DEFAULT CHARSET=utf8 COLLATE=utf8_polish_ci;

--
-- Zrzut danych tabeli `connection`
--

INSERT INTO `connection` (`access_token`, `refresh_token`, `user_id`) VALUES
('BQA_kjQOGJQXkt2ts7lDOkJICF9iZkXJIpXOlLrQDe4kSdHYKYQ-X6TJWFsRyikbYS8ACkJjFxUH8RColV7nnrMIS52J_A7D5iuG1XbZjWF25Op54ZI6bmQ_fMWg0W9VgaEyD2dKXVPoHTOyAQFE4QrSZq4hBKXteLe2DZGSuE0rOHp267E4xddgo4TRN9ZrX4JTzRVd3jrZ1v6Kj737pbV45zBkPgoIBZDiWsyz28XsHoXowvNOOSwFGpJqw2lTkxejzWVy-2ocUbtzjfZ8gEfu3W4dWhGcrv95fYiBTBk', 'AQA9gmQD3GD7_UcCIzh7pej3_Z1xS1ZGEohqdKlMkheTzbhebULxo9wVtHy4EabGdcd3TssncIPMfV_RLyAaMrtOwB5Be8QsN_lePQDkAncvb-xRw7UGM-9Bw0i8t05-VxA', 'pooobcz7tjgz4cqlj8iw6vpno'),
('BQAaiZbU8XbnBe-5L8YtrehT2O_gdTm3GhOeufPla258IK5rrgdU9Y5SI92wHlbxRqBADGcF0LL4gqWiGy6Um4f8cIZsCOf9oyRwitR55GhX__VcWJnA64Z1D94b5hHQt9hSiNN_UjuIA2E2PROqQ6hfyFLOMEX0Ft6vJcsjYRqKmfkXGJfdvSSHNf8_YhAmewjnMwe9Vnsw7MeDdQTG77AUQwhFPQRmpTtkPgTv3U9Q-c5sbt9-MdT-kKoc-qUknU8XD9FPhWPR3w0kJv-YAfMXiiWr4g7UjBSRHUhf0jHjc3BY0OPPv9hAdrvGow', 'AQCrZ0YGzFpiJ3N6U_VvrinS7g20uztXXKaNr-P2W0qPuKGwqw5N1nqzufhpFlXKiIkJs2vlCv5ufTQyl_55QRC1x1pW7QhCSv3UCvRUmOb7_0Fr6TAZSD2lMU1YWnrx-pqdtQ', NULL),
('BQADkpocB4lH5QcMQTdM3wmK5SP3gdpj40CU8CwAfJZycNZZS_lc-VxrCrnroLwApcjwBAKN9BbTmXfdWv7i0BcbV_xlLIzqX-bAh7TduiBaZlotuUHYTGSN0Jt66UH-QguEXkkZK7ULEW8vpKTrniw1U6rWVMM7T0w1LbiXwCUvT89pkVtDUbQpJlBj_-k-Yl6TxdPpeBMK297W6msYqtEZIJIj8qR6pTQJdl3MXUgubgrZZ9kgoYNIB49-ApffFiCQCmzCt9IFiatE_7tg1gNnlC6yl-lB1aCD_zqBcsR9UfjFM-4Tzz7QPIGbBg', 'AQDN1O0FZsmsylHJvfeqkddI-WOlWQYLi1v1ZLOF3AF_C-0XYC0CpgTKyzFoA32g0dUxOrzzKRDEFMYkbWxd_tHSnzmD3l24gYdDw9PpKuYz8xpVLqVQJ-DM3jxS8HN2NKPFMg', NULL),
('BQAEKkE6h-T7JVR2H0UKxbk0BQv-MUPIJ26KfibWiI54U86KtLRUvRVRYOejT6l4rfqMjGMpAc5-YGf-1QwAZJaINt3uwG9cjH-tieMr3vO5nJfsEBT5GI_S58Rn6x6zy4RdBr5IWZM-3LGpYq_qQ_IzgmGF20pSKsLtCyy0j6vm06f8vuy3rUpsGjCXjAvwKUa93my-T616d1ZVKSVLsIHKfHfkANrNQ0Kj3Ehfohj7i6Jr6JaamjGnKwH96fZJWVWd7QLZPHBY5kdQMBiWR91YYh9R067FUnt9LZsO1VwhvzDV1_TzJJB1AE-IAw', 'AQCNibj0NnHhCqHs3j0Xwc7lB4F7-oDtGw75LdLEmJPJ9lfp1-_25p3REbh5SaO7tRqeZ-1V0rDYDKNskFqPyUrMLfWIiL9q4mVqfi5EOSNlBvV19C3KvgeA8OG0OFoweVLu3Q', NULL),
('BQAfFmjy4J1CyL7ihBZEFsCfIFfQQprrdUS6hioagKthVoCJ2OXaMTLH4omCNLNdYQSm_9HRpcH9-WNUrTf9dqzYzsHa9k0L83xlO_bgfEPavRDKHlYyDJ5XrLbujjTgmYMDFS5WQLdAQrKfro2jxgaL4AXHIOrbPS-4gbxuPeZU0uduN_RwCCnwMVEMLSqoiFRchgxawfDYUA9QEUpZInlkwEk0qnN4FKin7qAZUimKqAX1RlU5HARNMlOmgF6rWZmkSvDDvhXeUWIxZ0cghnp_QURXwD_7s8RZ4bM3urE', 'AQCRwZFn_BbHZEo9UnEcKtDwDCi2FnNGR6lbw-wSHXGbFOQWoJpOahsJZ0QnEPAt_KVA07TKjLivS7_jhIi3eqlDgsIcoOZAn91nLJJDOtQSGd3iPAMjIa59N_2qmhTMITk', 'pooobcz7tjgz4cqlj8iw6vpno'),
('BQAfignmYbhsoB22KnCDrV5NaKlWOGkTIOxxa3en3-U3juDkbZSIk-jtfCHKh9-g_H5GtRPgu48hUZhWJ2JP4XIOYMNjgDKC9F77nWqbDhLp2yTd1eoRphFK57QzvuphdVTUbjNkGZuAAMvYpztCxWQ66Z6JOF9PRiX6CvorbXGy_m9dGz3m0t-IMYkzd5ccjSA7WcIL8Zbn5RoOPic5ZbViyKxlWxaQ1AF4CPo3xtleCuym87kmGE2ty_dVus185tq_ysuxE_FnRFeSvO5gclYtcS-vhhB4j9IozaqZ4fHGZLiidA_h', 'AQBXEm138M6zTs3-Y8ZrcuW_FjHqy-QqikFTGpGX9eM-nO5aPRqzeTdzetq9b8Ub6vxE5-oJQPaI3pu_tL6Q0WhZ7DLMqpoO7rr6L919oPcqoFldwVZ5j-ydUhzgQOEDc2ylxA', NULL),
('BQAkfoDHF8Eg6N4Ul5eMYLtJyb9dvHTHSWI8wmMKH59dFedYgGc0h5e04LC1OMZ97Ci2DfZttBVbD9_Vw84N_j4k2GdPgCqw0o3TS23y9Ifi-6HfhEvMLh6rKMbvo9cx-zL2kst4Mm-v1-pTJLIpgS9yblezptSJQKnCSpq7wyG2AVbMDKuleBK0BPSNBy0j5rISH01i-5MBuWklaQPtaOKZ_TiYvvOrSjKXw_Q8OkNjq8tmEBqfslp4PNNnRP4iLMziGldMpg-im6Mkmxm9lCu5L7TzSHZbmJOFF1AqAsm7GdpKcHT2', 'AQCdbsqcZ0ZaRHpave295DH5IUyXsyZJXLY3vTsGMrSxKZ492wf66DaunOiFyhK30FqMXNXPbNNSv3fAQZ__JAWMzArcqhFx6GYYhc3A_iYeuzM6QsH_4gh6H81DGFsb_Fbs-w', NULL),
('BQAm9Mm_XhI4F-AcXi0oO0DXjNFaQT76NjfHCeWG-tIXhuaZR0H-c1a8Xlw2KBNIb1ExkH_BtEaYXzfmsW9IVH6uU44QbShqVuN38sdEbq20a_AIgVbWY6uzpu7pG9vm1mSTIT5M726fKAg5aINf4ZfU1srG2Ha2E7r2fsasaoV8teB0YS3ATtbDoAXhR0ifRKqTj1Y0QWbzGK1ai4Avle1Up75Yj2hwAI8FZyChZywfO3EfREsGasEMWKm1qo3Fm-MrNoPVaTxLFoiubCoJhKoUYENrKpw8wpUGVf1qFoXkc6qvhel3', 'AQDwXEPf-aqUTm8JONn0yZCrcI07lzOk_1jkXOWnWqO_pCGUrCEpiy7JYvoVjoeADKgrBnmwpqWPnuNY9tAX00n2aYkEmqu_URULhhjSh7lTCXyeDISZVDu0KcIc2krSXGlmig', NULL),
('BQAmB0EacrFgICUWM1uML3cabpM4_VqSMOoLxDcSqtTaz2I8PnW0PY93ol7e6oriXoEhEVjiA_byYeznDTPG1VHWnEr0AV3FMbI5tbpC7-JDA3gWUWwJ_DXVhxiKw8v7PvPEVI_HjegwwDUZTcodnwlcKLsftjOhSeSDAqYdxBahe7JaKX21Pf0ooMjn8WTyyDxh1jDUOVzhNOMg5a1O84PN5FHjZeG4s8REAS3m-zDvFmu4ShmlCKpwIpE8VHw5ivggpdne5Clw6zgYiWdx1GYl0Bstkk_Bbg', 'AQBrjI3n151U4kwqRMfx7d54roYsFiem42WCuohP10MN0JxAaXPEoymMCIGpQ3weGNhwxE1TT0gq7D7hyeyjXTJARtOjHuiyXEUU4UWRtx0cl8GsxMEWHuO8mBETtOZy3BQ', 'pooobcz7tjgz4cqlj8iw6vpno'),
('BQAQRmbsZUmjGW2eSCFt2nl8wMlQ9yEutfGakt1ycrsZODWvYEK3JHjUrdJ5Pgwi2xRl3GfdFSteopXiG2Wt_KmlapcgkF0j6BiPgm8T1--9CFO2tPphYUyBc_o1kdOF1zNn0HBSVWSWGg1NKM2jI2EFMMKYdg5mOk5hgZvdFNI-jDQYoe7bgGEsHThOQmtLxoB6yqKI2VrRt21NNOWF3dtx_SKllvpeORXjc7TTbxRKz8a-mDcJzv7l2Qw5QgScz-rU__Fg53TdlisSfIJezkLfAjjAnBv54g', 'AQClhYi4Ees88BNxmptnmSz-bfS5bsIk3GzkuntdSyq85ft1erVbUGnm_3pyqix1TBOiRMdj5iSgWsqXrFdLgsoYOiMDb5kRcBA4XR5kL-4G0qCgy4LW4sb3yUDHAwRHUMs', 'pooobcz7tjgz4cqlj8iw6vpno'),
('BQASiyPe9T6OscviRGU2UxYiVbB6X5kQRO34ztebca8tYyb3R6L0bmZBcTybVwCBoTGmk5ax6G-ZJ9D2NdX2x0g6GNTzUT-g6IefBv7oQk3ku1xPpfUTuc8Kmsn12xjUoZXDX2lp-TK_c-a75XTjAMSrNYYA9SZg3Akpt-9cLboeowlj7uq6FAuFplFje3NmjbYku_g6V75Cq5afdXocVy71dnSAC1n54eJ9s1xUhndI3qsQ4lQCaesnkZIIvfSmtbhTw-hHBPVvZTdFHeByjqo1UpiBjElDl4lvjtJZ4t1eaFSSyD8rVVSokd5olQ', 'AQCZWLu2SiyXGM-ZWLmhnZwDTwVKlYK5015xpShoiMnLgqgmym4hGu-uAgVf6Q_uomU778v4a788Lmy1ijVIG3leWqrTWLD47evjALWAWKbGYHDbeSHL6Q0TJcsh7TFsXF96sg', NULL),
('BQAT_fwii2K8bWoJiLWp3ggigtgl7RupjCLO4SmANbfhY4q2S_tbpMj64cS7BBm0QiinL_qrPfAvYE0Cshk3dhMyDRmu9WJhpoYm5RzdoVOfb88cMC7TQK8saYZj0KTcEoHRuisExFzEasfL9gomnVf72-uFwpvxwsiAhK1-tCj4YxNVmeKilqRvvpolHwermbgniJX85IM81S-E0M98DpZUzNzCt111SjmbM4LQUjqsI9ty3x3irqLk-MEb-AOumX0NXl8vwlYhBai4MUQHl-PgWVu-4dQRcQ', 'AQAiHqP_f3bMQnjzOzhTfO7Hj8PBGpy9yeBGdbS8vA4zVxN_08sOaaRX-L83y3UZQfYNgv6ATOVaYqp4fN2sHKRIAY6PMJpAyzCIQ3AyKct7FBwSx8Fo1AgdIsOqRdaJQQw', NULL),
('BQAt-uG-uJTkIjY1TIlNYmWDlVjlPa2hg818gZVfD_-UZnI_IuWU6Ty2t9b5lFLfHlwYt0GOxyRT5t44tiGvyLV3NWr4klLv7hDgdZ4quM9JwNjx2hWM8Cxhd4N_Sl66DkpaOLi-qa0IkWqksWGN7nHKbwkek9WFbZvXa_XbD_yPg3QCkSiYLo5f5slwx7WbGmxCTnofSbnn8rYWxhEvSsDaOpW2YLsQnd74YIoBaI5LTaNlkjivlQ3RPMqZxXfpI0mShQE4ztNRZIqQqzw_LxJeDd5KLFDzRQ', 'AQBK-9SIa7U1TTNmOVtPy1fFLdy_zdbgVDB0a44B4sGEgL10P5OSL1uejVO-MTD1-0-YlnezyiG5c2fm6DEiJHbhKntu1n2DuJealPlRWGg1P8uvDryVomZvFrDM26X2FfM', 'pooobcz7tjgz4cqlj8iw6vpno'),
('BQAVP0HMh2_nNcBKNe9TZkRB7oBIAsq06PWrzO0Iodo6BRbHCYPX7e6eAvDcVcTow5L4h33niAFV8KZ_feo5uXbGnU67OCidUlmbG6z-yY_mR2WJe2faM8orCeKQNccNt3NaEwrb5mSVIJAwgMGC4lc2WHYc3GRbDR4a0_UKz2rFYqCkRHiKboLxdB4zk53CtqE23-EWLi3kIC6bOD7f214v1WcvWOT_ZEKNj2D1kAUGazZFdgy4w3KBgSxX3Cxd6mjfMHxE6S631lVMw2cSzOkMseUNXKc80ZkgH3D0jMFj6cqP7uGx', 'AQBlK7xbmCejiB6zHsjlYjRJabElV1onfQ9x00VRCjfWSWm1AcsMzu0TY7M-IzyJWSIKTnOxXI2slGJpi2FSuiQ2XM5LdtYaRt30o0rSjhuvlKVIa2R7qbv-SycZ4wwGbVjwtQ', NULL),
('BQAXG9jQ9g6k1FPvzpL85mUU0mp2oyyRV6NF4IC5SQIZuEqu_CEpLrn1ya8fU6CzYJbLwgPpB4RDWbERgcsCFU1W_rJHEGeNcUV2liQ6leIovbyCZSEZxERihbcjhA9q2ZJzeXmfa6LMEd1MXtKBg_-vuGV6aa-e3AJAKuQOcQht5cocHocauLBgthu7s8pGJU-wcyszfHu5EUYEXd9S9-JtAWBK5fRVa17heUwoQimmaPjHIVaDHu2K9I3r32Eaz0nJr8fQ2ku-ZGYeGpnagsCQ3oIfbtHm0Q', 'AQCf1lPXaX_2IJQe-dj7d2ttFGZSh8t2LwCQD8KjVn0LCVh-eSYASfbTrbaESGwkx8SfvtTftu59z3T2QucxBEhld9b8Cn7-xEmvXeCJj0BTRTF6wqThnguhnkQPoCt6xV0', 'pooobcz7tjgz4cqlj8iw6vpno'),
('BQAyOEat_aDatKgy1H9Ri02rVYjbt9FtTY-20w7-lAIjausCNnZjs9NW8jblV-ZZnRNEW8mi6USiy-yNCJ2S4CIGRrMyFdK7CQcvryUEVjapp_Cx3MrF5FhGhv5xNcL-4e28nKIg0gsB81jAPxe5PGGPep1ZelHyh-ForNG0TQJgJNZziER6-S-GNrNGHYlc3eBU0ao8SLLOBgk_w20wXTBnx2IGiwkL71OfU_Izi5-9kiVEAZyTAAL8FxEYfz0uG3v7yB-GrAHgv7PY01HGjeOfr5DxNFTd9nnc0LTqNrFVvVMGEodfm7NlwMAirQ', 'AQBpxJntpDl3s80mrU8iOgi5Oc3W9wKulEwys7ZvySRvKr5DAZ75IzQuu7rmg7fKJBdBS69_ANoHGO9xGoDhjamQI98jfVvfTbqq5kigmb2lVc5f2hSke73dglNnp8JnebOEEA', NULL),
('BQB5-JujONRuoz-7USJ6RotZ4c8lC1tNcSudLiQ64vnBzqHpWQjfMjwcs6_y0-LRaMKiX-GOjyGfVibVXzL6FDwj0_devVeQZx4ql1UwTnJWBbS5x-RhNLz7g9jPD8B_vVS54H_QggiqfYgEdtx6HJan75ernG8UluM6w1uWsyn0wNxEsDD5pPQjE_mSAmGz0UzD3XOtwBNLekKiXltVHaOQOoE7VlubVaLQgcJnBSBwDVEVNtVXyQfkofF3nmcA9_bOjeRrMDQHP-bBZnHPP8mbFXP_e33eIA', 'AQBQ3v4TyOHMdm95S1NBnHfDo3SNLD_Tpe_jZ483UyvpTZO1PJG9wMXMW3WgfYXdXV7lpyH_yTk2tQA_EUm31yEiiHTrnBD0UXKPwsakG4exabzzDEYpwmRm0qkcr0UHeaI', 'pooobcz7tjgz4cqlj8iw6vpno'),
('BQB7kaTbfK2qYdC_esJ-CUFYaqluI_ip9J-G6To9Xa_cW_A_MrDS6FOpun6J4yfyjyZ_sWzMJdgPZ30k92GVNgyyeN_CFqNPm-XpEdIB2oROlx4oY0mCHMYSh1knaidrmcE1VQ9Xxk8RB1Ab8xHKL10EaTnXkRJD1Jmb6a_rKkA_K0Ql7KMsIv59QbcFokvh0LmZlsDWcid_y3Ehh3LzaXBMw0NRuIeVgS1AEKsi2nPpP7mn0gpBw0OZY5Tct2UuXeDJ4ivJi12jfogBIveONkX-Dp8qYB6dwNiNh6oOQ3MqvOZeMozQGCkdIuxtkw', 'AQBQ-QRPlbNo6ST7D3nHA-HhS-eBz7F6E6TTfyVKK97Keh_m2H--ef5D1-Bzj7ByP-HxZOHHp0e3LJKy2AXXp7j1nDfYKCuO_jxx4KndeCoaGZk1s6iV7rbA0WyFAD3T586HSA', NULL),
('BQBbqoj7Bs4ocXr_uv1azJlTJkaZs-fc062WQeO0mIif1S8Oo_r9lXBwd7cpouWVs9ZAGch_BnOSu65YyiYpXMEvaB-lJ2ysMuhEWHfd5ZB4AovBWY61YL96042ckSask-eXiz-f0oXYzLlxBo6w0VO4UgDPsnVpE0BRqMn9NbQ4hdpp6b_yd234FQTHzIlWTiB_TqEEUGbjJwQuIWOYLuuxhZs8l34IZwaXIcnvhV95lho02ouPQprS-wtwPoolNF_BejHHWyKoOSyuLQt_PKP_40tHrWNs1vnF-5MSXiM', 'AQBuQNO-4BhnDQrsbV9oCRAfw7B6Y_ksg5-q1CTBGMW2xRuptsc3YemxNvn4TB8FdKr9HmpCiwSgVDyiqZFLlBuvLgCK-JkJla8RbNfOHAPKUy-Dix3iW9FeQSarIaDEhJw', 'pooobcz7tjgz4cqlj8iw6vpno'),
('BQBD8M-4WH2XjsnR5wfUYXZWyWDoxXJE-HHc3u62-RDLgIX4c2zqGSVRrxeBxsCDGsMi4HTxNcXFNPvrv6WGpFZtv6qUCrzNcN-35q75FuLD8zx1QrcVJhGVBccUKpANdOqWYfnzlYUhVFuSyV8uWIuGQ40TaOuh0GG9D0IBxn1wp0u0XQi_FUyJcKDCdzVD9SR6949RIrkkzT_hY4UngeLq2RnhHqJ0B_3aXQgzbXiOv4k91vc73Kd-lQKnMXK0peTSYfN3pp0S8oZWWEcWNML1FRyVZ0D-eZotGhgeTHD6xBJ5zKef', 'AQDHbM5wGA0nOrPpz-MvygQYO73xaZcJcZnno8q6FGzixxdvZIbnhnGATw75dGSs2FVJcHzOASBmYCxET3PLhG7Yst207d6nZ6KZaXCcDq1YexNOAtTGpNNCzzH1P2lkH4JjEw', NULL),
('BQBMJTBgDkKxsY5hamuphviBeALAfPV0naPWHDbc216UsuWPNu2o_QxJpeOwWVAk0RfiTs_JegMKvHKQHyXCFayfw6RkQ6-MP4YjAhC_51CE-8CfRZrz4sPBjuBPEXtRtKb_3HjoJ4k00Nhfe0ZmjbEnhHYZm0U9Qwg25ZqEdqjrv-iX1Ho11eUNOCbzPlr7mbUXS7U9_VMwCXxfa4Gd9N3ZP0Xmy9tCKekIwRa_MihTFqUfDD1Ycg-hWXcgiuJr-EB5ILwdvZRp9e2rqKbxyDeAIhqcZCMFDw', 'AQAn2_wpIOzPiQ498ZTbWOgNMvXwyCwA2UbZ8Ao8hJBkp3y08jDNJFYneDsuYvU5kDLTtp85qy00SxWl4fQ6fQQw7uQEbyLXMSZj2rSEJge-39GAFtpHDthyw1vDnDUFCBI', 'pooobcz7tjgz4cqlj8iw6vpno'),
('BQBQvaXJlH5b9fOmRwyux5G4eAJK8O8KKywRKrvu6QpAPb9m671XsMgAfsuBt8rtEvJCY8nYYjflttwYR1aZ5yCeURuwbpMgunjmn34rqPfTaPBt3R26csXXCaMc_8sT9n0y1bUQIAYGxi9gWe_gOEj6IsHQ22bs8e6fw1J4LiFa_K3I7EE_k71UdJ_N5s8sQA9RZF6PHNL2wZK7R7Q3lEZWg0AptoGIRiCiC47Wf_I0UTyDuCF8TDjUEgk179rvsJzdhQg17eF77e7YXQZH_TB1zTDksOuod2eehP0sCbA', 'AQCQaqCwqW3eNm3ars09UDUESmrW9ek-LeeeOHBxcHGGAfd-ADka5f3671mIY83q66bSwL_F7P_tc18qR539JWALVe2SncRKLjVOBYD-bx_1F4DniyfANzm9lIR5xBI9rfs', 'pooobcz7tjgz4cqlj8iw6vpno'),
('BQBRUR_AKp6b5-3_DK0PW7BFecRztoT_7pTf-cUNBjN8rM5XifjQSOh9tTTLigz4_Wv-W618nv5KmvdFWoy6mzWP167r2aYF8w6RNMLZ2K_PFtMICdovniELfB0ElfJO1NxFwLuz3HtgP_ysTCJpZn4zds7iyNw5Nqe_EX6m9qXzwYGS62A0gSqm0UwTvJESjr7IvgqRP_fXCb4pCDVKO8sCyTrCjnDTxf7T4eRTZ8i7k5ZXI9RQwHD1dMg3-Qh_3hPtmXij-qq1--wCt7xlNZDzg1lECFyLjPBxnuu4u4U78sbb97iF', 'AQDDmEkRjwNnNBqiHWDZ5C2eVkW8zpLvYKTxNDi6FCGG3gwzKwavoYOJ7o_328xs5tI91j_OdjXFL7BGQN5Azx4hl4N3yEH9O8qs03de97ri4Cxj-U8r81-I-kTW5Iks6Qc9jQ', NULL),
('BQBT9wfXdFobCPLl3OaSXBv7CcTBsIj3vjzKF1RSM4zCmKlv5ZYngShxbSBQgmCr-JgMnl113HBfEx0eeqL65hiUSX6cfm47m-Q2Fq3IzAS649HJ8RsCC7LLdptYX2CdJAzJXkt9O9McEsQNB2aEmGVBtgvqEg_FSpjSddU1Uqq4yniNtJ8R0GS9q_y8i-2WoWM8FsJYntluNeSYt0ERVZhthmFg6n6TnU3B1kD2-kKxBx7RIB6xr9kj3yn0Z0v8D_Lm9LLUhW8xy23jpBWGJkERkiZ9Z3A5dT1pRaGi5nI-bFEN_JWs', 'AQCcPoI68vzeFAJZwkGtiNk2E-9UTSYvCwG8wrgxL5OqtSh7B2Ikslck3IFjJhLamqnnmvAl5biH9wqXYE9QzSJP3YFyMkzGirowAxeVxyHxab03Fh4OGUYqV2f_JvHJRCqYSQ', NULL),
('BQBtAzHATw6In0D6G7w-UsDG5ObKqaUp54XrpfK-4DzYnBR9TdM5IdRHjT6TWq6n4HEYBwYXKOFciZl9XwRSwI8yqAHxezzMkAoqMfm4FtZG1JhdSiwaWYCLouXenABzhMJIX0S7Vpv5yynDGdHRLCoaqhH-sbjtF_HnIkO2q3xEserZSY7rxvYCL9swbi-z9_uyBzqymrCAZonwYcqZxSDw9iTt0-7PhIh1Mka90hlYcp3ZcCXHFJL0pQ_jsUyLzs6eiLqnpFckcJHlhI3KHLfqDz6BlFBqwjKRpCb43b-vbOpgBf25', 'AQDDTJ1xOgw_fZBi5sNn1R5veoiuCZL0u-eCoJZEShUp9lz7A_xNkeOhHdvHUanno8JLYyEe_iKTZGppCiceqT3fGy5KqKY6pWaP43Loummw36212fluM-3cjC6vIGahLbILFA', NULL),
('BQBtSw3w1gX-8rCQtJ3dodD_1knzVfF4GwtzdRXxayyj-cktGoqMv_ZkBAmNIkIRBEI6CJXk_LzN9DsdxskfViCqrWvR-JCWjx1IDptko32x6CG8d45o2_aRvdVF9CElZUy-0ncoxeB0bOR_QtH5h93Jx-rxVJhY5YeprOgNGwuRc3XFAbcI529xYujdd98G4nulKryqNuzayhzeJQQbTZ3e3_rMvjUexgpkKdZyoadmgyIlzjSjntnuU51gMSr4eV6IHPMx9KI-8JLIPCPoupd3v_4YQChBnw', 'AQC6H6DNJ_30tAJfKktAKuQvvxiuFVSCXc87YfijSbFTLVI2jNcBWIwRIK68vo1CDMbVFkYBtERQ2dmbIpIGmAqo1I8hV7FM8q-4I_W5F448MdEQNNPN2d87BNivJ2QPXLY', 'pooobcz7tjgz4cqlj8iw6vpno'),
('BQBws_gYxawSmXpJd_89HEaXxwR4Lxj5H0CRDJ7J5Bqm3doo2KFiFmFUuM5z_NK4eMCjL-0xmdCzFb6HXOMGebm73_903ETRbzDP5chzWslSypNcUZSKlTZlBNI9N1qPD8DVVgQdTyEKVbAPrizjEe3Ul6xEXeh462RlMnGiAFUtSDZhloDc_RN3pTG6jMe72q_quPQJePJAtDcbnjolTHDKzMlGr4Xgitl4KObvj1cxb2SuPXk5oM06U8zKCxZ1DavyWhSAr-fWbb7lvf_Bv8h1ISCpTLObcLwT8lrnFjonXnn_RFUNGSrGRXt4TQ', 'AQAZRg-36FuLiPV5Mr_fj0wQOZ5S9tMt7Rr8ZQnY0eIIUFI8awjQFkRVPgRW_0rEngXtaOvzUWKAtkUNTaWa5WAjdqsfMS3XCRyUkWx2ncQXv1jVtDBBDKAkh5KnCfSNeB9n-Q', NULL),
('BQBxhN4P5OHDdXbU3VOpM_O3SU0XgeWlsQrLl42ZoYmflK7AkH8PNngdu_5dYjTnc6eX4Fm9bXX1xcBVnLP0vu4V6WD86z9geLZPBURHX0P-n-ovgMEMTiRhA3AdYQYq4CyuIYXtNbvhGNSwNHEpGwgJMDcVCddBBS1b-pZUuNi_XY9zJRVefWn_QeCEgYH-7h6FKynkxF96SwUOsKuhGkP4_L6WtKKApNaCPsqv7jA9YjsKH2Ptf3371iHs7tw6-HJwtFMz7DQ7YJk1l4xMhQ4gptdDm8A4QNwN6I7Y_C4', 'AQB_4BIdPdH29vXbVXPgPWVfuI5iIpFVSNngIeJt5el1qCSNUdkNorb5r8Rc_cTHkjBHAwLnTU2MfXqG5ZGAPOC0lxX4TQHRZrt89WetLGy75g596bGUsoPYv1dowlgSpE4', 'pooobcz7tjgz4cqlj8iw6vpno'),
('BQBXZQaP8-wiTkNUTjw3-fBDcuXN8SloQYLvXN2OC1l8l0q26syVBrTkEVP-4X-k9c2dAfx0DgGZ--DtM-CD_rT5sgL6p8NEpFGgFoF5F0Uzlu2zy8KlSxrc9sUH57XvMknaZIh-kfu1GBH0F4e_X8ns4QMBTFiPpU1Loc7wwvOZRGmYi0UdbV9MbxkNu6oO-iBxkA8OqTVVT3YHtpDDKDSuTU0KNQrIoeyx_6nIueMcxgLnHNlr94tf1WOvZc8wSDYswZW5WsfrhGBSKGWRXdit1RQAAiZFoUrOztXE2n3M_JRMiY60VCQYarVvxg', 'AQD1I7iGIYMBvkmyBXw8PJJ5KNWXejuYB54yc080GzoUiIp70pvF8CkcRxug_SQ5OLkwPnf0cRZcWvBHfTkfecyb4TcaDP2HvIzhVoLldThG0YtZZqrmFN2uV2ku9ezsy4ut9A', NULL),
('BQBzu3HsimySBXLJxZuK3rSH61_hou_cRfqfswMQBhRwRS6Q2Wc_67gC-qiuNe0ekDZJnRmZOXUlrj1tG0qvVEutHb7MuVWIJL0yjkhbgpGrFXcxQGlTV2wcFsVupevOCQXIRvN59ziiooujYs9TS9oUhs_JP5OA8VrRv24Ti2cy-GyWUHXEUfFCsPynZfb8zDBjzDQLdd6qgeAkqDtrg881QsVcvPFz8dauPSKRiNSkM9e8FBFFZVw2FDJHLmd1ewO1z35Rvz0SIl6aX-QYCExGJy65RUPNlw', 'AQDc_QzFJacnA9AwaLGhy7qSv3KckRlmW5hEPY1IneiSNcuP3ANAZHcB9yQOA-0CtVREt6l-7c1s3iWFJ9NvX8xbNG2WywQ0OfIIHe6LYt-S_9Ao9uKALmLKugD8SUc5VBs', 'pooobcz7tjgz4cqlj8iw6vpno'),
('BQBZxV9DJbv6D9kqizk6PL8tOvjAwrE0Xet1CaeAFhsbuQtwSDA_puQ84kJNHdNu844VLBYVTS0jZl5nGo5xSJgIxCSI0AkNfMgTAYZPEGXPlwUOHw7J7lDjRr2KVfVvoPX8YggzBpRBaBNHHCi5kl1Elr80wleP33reHK8nwDBfQljzSIJDt6Gn8bIeXYa-XbY7bGYC7wiTs1gZ50Ap6eUPDuqf6zSN5lAJTJtGADJSoB4FCLl8FbSccGEAIvGsoNF9-JryKu0WE_zEfhQt51qR-VCzSMNTqo-W1l4pUxb9R9iL4-ZU', 'AQCnUS7MmdHZKekY32r2jxdXjJL-Tp7Ff2XR8MQ7srsFRctQVl_1IAX054DIQz-m5nXgtvbktltUhORm1ysNVkJIq7y6lnqkCuChFWjOaBtcaYIFbg16G8aQ6jrY2d41zC_OFg', NULL),
('BQC1j-WPQsH6NLwpLPVpAERc0agSTFiVi68pYZG_0kOSt5f7qcQUpVZsXqTC8dV3ZCTGLHnL_ojHdc4oXLo2u97qvjgNnhcEIVQp5IbQ6RlfZkofnkER9FasYcigS_n0XYKHpMQmKfDUYMtGmM5E3KSwPYQ5QGHT-JEG-J0ogKLk_iGeM9rNUvGVvfqQA6USMZ5JpyAkwSpeGRP4k61rqEGpcEAsYK2fZ3oZws-YHCt_WYpxG6WxMu5aPbI9CB-1JbF59YToK7wnmmF2cTgJ4DYpHhFLqZuJpjFRXPParhygnor9Y8e9', 'AQATcgwG02ASt9W-AvZEZkIo_KdQqyvnvkvtSp3YtTpEIURS0WeL5c0aDfwyC1ev7Uf5FDVhyeTqOTnln1DXZ7BcoV9PCzSJv8L2bD3AE85TKKhOLeE9dLP3WhshxI0q86Kajw', NULL),
('BQC1YTHU_Tt-2Jt0ZyoT3KQiM2WkNqI0gWB7RTylVPbAdCLeHpm-x0ICnO89tQIolJomRrvpz3JoO3tRnAKHMu28z5cpFozK_6rwei3IHV6hU09WuexVqUoCke5I6iNCo5Fyo_KOHuR-nB8ucbT6cbFfMPzavuC6rwGFgFOMlp-k1kEd19Tf0uBDdy1JMJ2b9uhpx6zQr2aFg7umsuSA1NMMMIAr8cudTTi82_nlgvGQrIWX8XrcpV_HVfDL4g61DUVXwsFmRsFGwgy2FvN9d1BAPCzNHWrsoijlN7-JU3PX3Xgsqxqk', 'AQCe8QZvKk-5jtYSemURDeIlvgMJal9PTwaYxh01ssg71wtC5spMbE329ttQeRY25rn7cw_OsHmrd5NglX4dEOInVW-4ttCbpC1LMEsGHQ5f89EvN-TEKxvOYQtQR4rZdShjgg', NULL),
('BQC4HNpu8ekf1lJHsXFF_AVwsy-Mk3oxaJcVMpjo44g2pxijaFZy63OlClWBWJ-8rutF01ztBF5Sjfjo25kOdBHJZXm9nWEkQZ8s85g0wg1Og3jTr_ukEEt5MAhaA5rlPIRU4RljVk7dvsF4QuqU-0hDT_PHkpyNNsBZFF98nanj85vjdrwj6O_0mEV-GjK6ttzEzQjg9G01u8FCLfATrN9VphmSTN0I_hU3ELVmV5Xvr9y4En0s7-kWQY3AddqHkYWQk01QLWPGAzmEB7bwSKpGjUadh9Rf1CSw98u2I-o', 'AQAeC9GYGA4YGFXL3mvTM2dog5WtAWXy8ea-vQZ9b8pWvOYV9T2cUDvJqN8j8-w0dFuPW79w5lfZkDp9Lapv-gfOiRyTqd7wrjpsgMcpFKhf7T7mM_74BYX7hQGkBIGzv_g', 'pooobcz7tjgz4cqlj8iw6vpno'),
('BQC9hskX3exSu6j1RVWkWXVih0Xw3ZlDo-TQdCL1qLbjQKu-wxig8ZrXpjheX2fA9Akx0UWAuysxMwnt2iJ2qAAoGKdNvghKvSiwCmXLDRiQwbZ1XK7kSa0ZhVZm6h50bQyTf9hoXEfRNSkFqHwRfwgJAxBVeZ_lrIoOL8Ond0Xsi4PxWUi90-0qRXBcsXBv8OlIjlYH9-EIOf_6MxyPw4fLAXf9ZfUgbr_RK8ophbqJ2Zriy27DoOSMTSsKEA5e9ZZfWnPJyN5LPcb0MLfQfHtSQ7dCUAwi_VkoaHzF0qF2UdbK0qZMzSJXfd7cig', 'AQDWkKvv7xPs6BNiObIMdEzJpoULHcdiqcZ59dWJvWHxTZ18HQrVzSnfRLRUXM3WrVSjEbcrgs-FWUaEVs2kPxBG8cEyuL_s32sHPPivCgiYI_XIe7JG0DDnIZ9z5hDrb17vWw', NULL),
('BQC9nTpigdoo_AUj7OCoH9rPas6LoUGo3uVEFsTq2nmkQMjcE_xAgy7cpRNR8FpRR_WiQE3PIbaBVpFYeB79SuBgF0rMplLlImZXk3-_M98OLT-Be4XogSHerxWnRCFgsgrSrXtDcYe206QRRAQOG7z9KM3ucp5a0CMUNFpjjcyYGUIymlNlW-PWGuKKBtV1nUenk5l80cg1lQxGCHB_NWiEvSikVsFh2WhbeyR7r0AB5fxMM8L1uXMO0filI_jCsWhvAkvhbxsMBMe5zYVoWf_6Cr4RRIJAAofzZF7W8QY', 'AQDHU15939P5pMEjouVDEM2AK3SbYQQ9-UZySysfQMSWBWY4JJlITQphoe1r4o8f35HhigJp92fankGyOrBwg9QnwZ6IBJak1ZfGfBhEciDXv2RiO58cRvngO3yOVUL1tyI', 'pooobcz7tjgz4cqlj8iw6vpno'),
('BQC9QJVQuhFP3xgprntQLax4kpyDWp73PqGHvNq3BX3Oyj0dv-3ecHh9vpnzQoo_5RcyEVJVCgcdPQe2l4VQn11NzkKhMaRZSXzqfGhDwBvsoufOovK_ZfV3JDlqqNOH6V1gDEi4bPbgyODcMS7CJm8OQbCvsmklJtdc_drTwsz_0UiB3TkDezXUvIl1EeY7RmiE-qSt77NjLYARPItVgyBhcxjzp-xArv8adUH2tyPVIlVFTjnv-CXXwr8VYMaY8-Q3cWjJxxrj9uBIgZNZ4GqmMhi5wu7_KhPjKwKmHy05YSvi-ewe', 'AQBgWWM_6hn7RMCIqaPytMgjvaCmMiUJLHGcn86V758m4R_KbzymU2tN9vn30Kq4FRC2tndRR46MIwQA8LS8StYdVX_TO9M2SiM7yGSnM4MUbgjc_ryyHWAmaQhbylufMePU3w', NULL),
('BQCaBxm3yw7Oh028wTdoLD1mNzNRea83-Cqm3e0vaGmFI0j4-inrCiGv2zohh7QQlq740NwhmaGpaNvAnTK8W7o0gTJbo_97hGnsb8oSTwP0K-nffOpOTQSJApkGD9O_jRq3vsycul_5mlaJxHYYf_cVBYJ52tdBDu7Fdoi6WNAk31GZJcxcjz5_A6-msKkq8iKTx1W1oZzjQulW4SEM9LT5H485gVVI43QI-QuoEXsUMSdnmPOT52fPNUnLoBUEMKN6zuMthOJwPzMpvKpofh6riVxEbi86v9UOhTUS5uk', 'AQDbRivCXrovwHhf7cCAl9e_bfgaKBy_mjATON3FPGy_Kax7gONsk_tFcBRJMYV3mlGTXeL5jQsjhMbOcOwcJxqS6GxVGnJLHc6nRaZaQu6Ep0d713yKz4-b-ZDKcLTXBVk', 'pooobcz7tjgz4cqlj8iw6vpno'),
('BQCbPYNKBjgl1RfAufAM5eYkuvOf5wbxsJVVb-CAaB3nPAmMA2pbj5seAF5QDwuLqfpM0Q8stKFZmfak-xhECcfVEv4-yFYlabCW_qhe_KXJYbwYBtZsOrPEeiUIivfipqJ-jFYkFzmoamJD5hsyvd67-uUytQk-kcG-widbpHimwneiG1p4nob10DLilhr8eHea_7XxjHMFXCg9CgeIp9CAqhqDdC8kyDUYMGnf4Gu-_otzjh1yOeh4Ap39l0ZJGec8p_3s-9VCEps4qUw6wnvZ_xLXasXaOgaiEgP8Z0M', 'AQAii0F-BjOqZGf8gsxxatpwmVzvTAYl-gA8-XmbGSziSX5R03C9uBcwpLOkWWy9ISXTwTrQi6FN6NKez1yXo0kqXVnYdAB8WXyGOUO8LuQcku_EYa_2DNBrX9S7jeHQJbM', 'pooobcz7tjgz4cqlj8iw6vpno'),
('BQCDc4DaEaNQYYa7d7AW8WDNQZL0FMkSvKulAIIym6EIWZYwpV-sWTFQU4Dr93KEst1IMhIE97l3HmlLatDpFWcJQ2JUQMvGQFWJYLk5WpJ7L3flA-hfhOaET9jbTR9eHBd9J5C3icLZOmaHtqtb3q7M3Ols6520Pmn3cBEoQGwmYZrHf7GG1vrZsgld9FGwQupLKSq09LzkTF89W4nBreWngoA2iZQqaIoIFqojLj_sGhEgLH7tUW6SgRX96Vk7orlg2fz7ruAZoo8p3wpGnuKQxFirp43Do9bAgYryQBI', 'AQAaqOOcT1xROIbzzy6-oO5M98SrISrqCjIv2VGsgJPETV9ZefpUAdQlP2N5PRe-LMY6Je_f-qJPWXV1E9Vw2J25K0oHg4ohj4jlmVWMVw3C-gO0j0baQSGcXzBKPyz6ehk', 'pooobcz7tjgz4cqlj8iw6vpno'),
('BQCE8qw1szT0QZLhBT4SKgvvu5LOLT6klRHQd0c2_QKQQPcG3ifii1CH3EKg2ycuVmc9GbnHqpz8Df7azwu3oNTtLgtziQ-4zLvz4N4LUoLipgZ4I87CL8_O_tPk2EtJ8aDk3Kd2LiiFKNFNm4Eab2WnopS0f-3MtLvOpRQxUIpFr10XPc1EOcG5iqGdho5WnW0SLAIsrntmKDvAvJpIs4YzaD7cs1LLiJr8jtr3ZNUdx1kbZGXT7eaGACHEEIqhxyKUTzjC7IvgFkAD9hX2sh9tubecXqovH47KwMWeGzYjOwgr05fz', 'AQDdJYFJ28wBHsZWBBwom0vNgVPqYlH2K8ZcaSVjGWfhKscb1hfQs--Ly_hw_Rqb7AbojjnE35EuCj_sOSyMMTDiRb3oTmVMf7dxmWpaKElkyAISAN7L5SprNBe69v_BRgk2cQ', NULL),
('BQCejga_PSJ9SaZvav_jA8gtuZcQCxt9Zpz5_ZVQ2hLaFEtkaKM7sP7RAo5LU_ZHJRu8JjAFaSCDxnfWP1H84FpC1RLFwDzOFvpbQiN3_XyoDmX485mApHIf9kqpPBcgzMyPiYl9IGLWBqlnL2BCjn2pI-1e149Lax_GnjJ2KIpIH6Kog2124tAeOOi04frMFC1PDOQd4a4-55MHwbibDEh0A5QGMx4zgaYki0JJk0Cb-aw8OarqJp3Pho-V23HJnPVtZIcq_cqYWmyPfxlTXgwqo6RbBLn7xdsJDJJ-ch1M2AjptWgt', 'AQCg9Ao_nOCeX0rXswF3pvFjAVWSIs0qonxOWELSHrXOaoPqBp25Nn9VggbdtEECw3NXQ1sU7Ny1Vb_Eokr_LSHp0TWjRPcraVyEyisNVo_jUABupRNVRYE19uO_yC1fSwM0Bw', NULL),
('BQCFvCk4XsAUSJ-LDaPXRrfwi0bTjdAWrwOKLhc_lTcZi4Sm0e5l1BTWYmUnQAJUCDCBn8ZZJUTS0vIVp7EXvEDWrSLHzEaetBScM9ITT-FGlDHiK4CKQ0o_AWUD8-Nq4sPeAxKNSfqWAc6koQXG7pgYg0qXGqTFDEvlJ9_d9dxncgCllSrf81mb41jZrX6j8MnMn43MUk_0EUra1ml1Dc7SUJyQrtCBOZOIBVOsQ-S-N5gZMBuMx3EgtcSgeyfqeE2ZwwJUKslD7vliqP2Vg_EhXo3PZuftKFsxMslJIHZrU9wbLlcYim4tn8ENCA', 'AQB1SnypJbs5xhzHZC5K4Ln-vljX3WNgcbvKkV1wu83Jb5h7HV83QpaDlD2GwVRHsXYe6a-d4r2Q_tjDO9CDFjkqii86cpSeTdqIRy4N0oGcya15f82b-BmLuGgY3ICMeXp1iQ', NULL),
('BQCFVg9t5MbWWbuTWqJ9fbBNQuTErJIZU1GfCiNNS-AwJojXT7CaVSd8VCSzy3Mf8OMMyYQ-RHiasL1ha7hEaimfDsy6ii5dfJrGqIiTDha4OQCzKpXq8mbblseyvHMGt9mLleUBH6f6SAChaEmWaUSD_lGo-U3mlGmL9XRvuH62oDTRuzstd-Ae6EpJXGun-yogwkRlp-cAC0H65IPcKmPeRimOQD8-E3JgnqKgU4TMfOIGb-G1dwwB1GMwYOLDBWLkrr62pT6ke3PYWhUJvbhwqDzPWSMQswRckgB6sTKO90JGjAf7', 'AQBMqcjskin8qiSZJd-c5UvDQaoKAIjcY9G_LvKR3qecx793_fLkVYZG-KhBdH-7v0KS7hkRnijpp9TUvA8e6yC1SPQl9-HyvwepRa2FpZrLHpTqqjpZMDFxoECoscj09GucsQ', NULL),
('BQCg12-zCL5zcLn53R-g89hA9rRlpbxAuh2pk9yFWDM6q90ilIyM-A1juxBXK-hvOuzH3zAbnromtUO9iGA4pL3jIHPbAP_nGOe2EeNnYgZC3dSmeIFTfz27j9M5sr_iRL-ReCZD075PnbEN35Do6RuSN5p-MjwdYHyQXyJtpm1_HkNACd3zCsrsEZJp4M_P-t6niF-dunQf1V-H8zzlwKheGx_RRhaiWZpUTqszSCxaRAWQ1U5CCldgw3fYkT_rniH96d3aArloEV73RtH35Yd80yoYlc6tibe7W7cuaOOmNnNlvOpd', 'AQBbs9H0n_EINYNdXP0CCje8L2iZg9FmtmGN1ZBvsbuSqg7LZFmmCb2pmxxejxYtbIDyhMUt0BrRV-cBBVuiTEkSbwBIeostK3b1cj2O-FdnnfIP5hnwYGkG04gD03nafh_m2w', NULL),
('BQCItdUh47It834hVEh1MM-lsbm6j2Eu3qkWy835YOPIHqZbrrXM1WkDiEC_HnoqsCK6vRv1Ijh2TZjG_e8z-SDTaY9_dFksmPshMHag7r5DguVLefxCuVQoY3TAClfIDmYz_-s1rbCuZ-qoMuTDUM_Ibh4OBs-NofGQlPqVkXvn7wWNYV9zNne2uaND3QRRYKerGiQSS1BmEbhQPLvDFZqWCnh22zxdpaIGwYchxUnbv--8XRkV8F58zeJXPKQZ83GoYchNc4stXcuv8dAJvFxoTD_oDBRhpg', 'AQBQj-08EsteqvTlzDxHf1RQGc5iMLswv8_OyQfMH9gVsFD4KbSmr24KNk2B8M19aoyj7eqY-RcMDBt_F1avWLmt0K3HdGylGhtRwpPu60kit_6HYVZuf-KfrtEnGZVqgDc', 'pooobcz7tjgz4cqlj8iw6vpno'),
('BQCjYfVTPMU-iklRRFgXLlDVsIxtIuDUtezqnRH3Dm8NjzjrVhL2VakGI7G4P6LjnrSweZd_p8QjZpN3K6mjbUTTrCXQtL9Q_YK2oN1DAQzJpUOJZysXTTjubXi8cn0Ymdte8ntmbTSH1rcYeAWjhPa8WUJgZ9N-3xnHGU1R1rIGRRBDUTiv9aG4ULdAoWfF9AxP1giCEtRc6tJIOT1h1s-W4k3h8eUQjLGB20K9sHL0HveR1oFF2i_QGonFOxFEA_z2L-NhloMB7VddiWBa-Q9Sldqvtd30nQ', 'AQAloufewqE7efGNmHDHdQZwUHUGF44ztya2FJlxA1jGCxkgGn-gXzVL_4e-huL5uwTo8KrZWrqJ8DE8crsm_t0ZhimtHDYTAsIu1vyCX155HQ-xTmqyHA8wSj8AKWs_M00', 'pooobcz7tjgz4cqlj8iw6vpno'),
('BQCMTLqwgdTT0B_xLi74aYwJ_rQmSXLOejShFGNo4mwjWoO137E0tJ4i5i1WgtPnqfqiigAtKwXMoUa75du-K3dMhy7JMxCQFWliAzXkYztmIFVhXDEI2uRqUZkoi2JNDMLh8bC1ipzwAfTf2BqX76DV_VsjXwGkNDPnvqC8AmmY3CQA_7ddzb3jjTmVerQ_dleWUEReB7ziWVGBLS5AgXF_YEFT2JmX9oxKfMVuD9z9UIy_KABQQ1UXp3WEXm3RXFhFJmmHSVaVdozsI-34DwsKPVND94G5_cd_-nbp3G-_FL5VX0EwaErNJJqmAQ', 'AQC4__U-kvTYbtW1dsYUvH3Xed8h7ZEsN0mjNB5seMja02nq4VP8gLxgQidI6IbaJp0IRgUlXxn5QZnpQHkeCz89LunPfIF0Cdt9QxbXiOfc4mZ5IkipnVxFrpRCzp8cXL_1mg', NULL),
('BQCOu559MbOrFzCIYm-MGUeKn1ihVmUS1yW8RfDZTRcx8ORyGZfd-qKAMWFasYVMUoRClQcuB9rOou3lN2IHw-__t1uqCQ75prvB8lwK7MiRT848_d3PFyfB1WoPW5n5X_d00Vfc8SJ17DsPU2RhPwJtWBayitLbZYvAhedumITCbw0YzyjYdLIh2va3Ru_ZbP9QL9HW5aMUis7HFcdvBMLQC3SENzd2UVk3GRsE2qyRh16ku1rBUzLDyc1pjNKmNez3LD9bLpyeU-hJ7z1GhvRz1f0EzLuHVkNpowj1a5zG0xQNbJuQ', 'AQDcdMj8uCR-wNyEmufLr6ljrGDLFiZAlo1ICY5pmq601G1gIup5YVwpo0DcRPbho2rWiudwPooZh_Z9QmQ8AlzF1hjguj_QwlUdihxes-DbX0NdwsS3yhtiD40B_qlFrFqY4g', NULL),
('BQCq671YYfkjefKvfGUQPGdhwRnUVLCx9jHpWZtsYF5dFLz9BZKNXrEPqanDI1ArMods_UlCvyiHhETs4px4_HYL35GqgVwbzycQBzl3gtEkn41sEhzGl6qL4AJW__x2ckLaZoukQmS7PuZsfyiURFUGZYn0Iy0b-uZBgasfP37b27e_yxBy3Kz8JLkSvnqgSEG8AxQQALrJbqKzsGW9Jq2eFqPEgXBDdVWz1CjNZpQ4fbIWIcXpTZTKCCWGdNr_zvCU6qwkobwVPI8W4lDDYOL9OL-Dlq_jQg6G0cnNMdp0LBLb4Ajp', 'AQDxOE6hbgv6H550B3_VI_NrsjIGpzVFZr_EIGAImb3JiY7q-PQAHTPsjuqgy31KMOysCRK9cl0hQG1YLdmpEKKYVi8JifWZHTCy37NEFT2_25EuQpaNiDVsD45XF4-Rm3KfqA', NULL),
('BQCT0BSmr2T3vDgfQ46rel5rqIYQtCKaIubsnNUvaFlsFRv6n3N6YbyRRCp9f9P_43YziXgfnr93k6ZGMIDKH4aGQvlUSf0MfCkL-CB0YvqqVErrlZ63CFbnkU3EaWSyeUnf0UvMR_PvwLoNQmSN0EGXdBGqeDGVgm9BG3pwQbLrXvtb4xpCs0jf6W4Y-ENJQU-RcD9AIDB5mHoB3y_mxqyV3WH9DuSkOTcMmWRtYRHL4dXGsXGsFherUyYWmRDt5GyMAU6GtNwiN9vV-A4Nsq07Wu71Pt_j653O6E5zo4HZqCa3RNfJCT3FPQBLlg', 'AQB2XYU6SSxmTrDUNQooUS_37GVEhL-k8axYN9c-ZI1ckwi99WHwu5hEo2CeNAvqIzohs58Mpvha5V2r1FbrcvRcXX5nm-bOXSHmdlAUPw_r4F9RBfLvpeVi9P1XFscvheYeig', NULL),
('BQCZbPrNAlLzsyFwCz47d8Z4VulknzuDBn6SRfQBYEwdT98jxujsxyREXNgFwF15ExHCHffSb22KbRT-eBE3i4rKJECvSKLHX2onyHcPW4r8_MdvadkmiXo34UwKLsXfa0c6I7IOW-nEs8GCav1KDjO_KuYoDjHIrYfGlk8EsW-7A3oxQw5oOD1aTpxwrK9msqutHsgky00PycOyauW0Tsj63Tahdbd_A-sYRz-ZpkaeqFA1zT3w0BQSvQn07YCh962HJoM1hcdOncBY1qUjpsetI63QT0gZWB6IKaC_Zrmj09tcOcaZ', 'AQCvuyRpAHbYGxH_EqwKovLIZo5LP045hQqIm4bMI-KTbTEsf_hJulPJq27dJwQqfHEpIqvqYm-Jp8ozeANX3AlrTt6MOnSCDne7z1wdjnBrVq-Q-zIOooqbOcos9XKXjjJerA', NULL),
('BQD-R9rYXCLqMswUvpFgQ6056Bpwe4D6vJv4KlVmJ0Tg1x3DFYYYzTMO8sXsap4NIva6LXxmAwjoA8yMwjSghKwdu40C02Fgv-0B4ZAA4KhB0Tlx1Po3QjRoBvwTHOT5z4wGqYGZO8hgtPbUYNI2XR5z_NI9cjksxIHhfCoR56yyMoOF-G_qPRzF3beKI5Han0BbEyRYJy54VhzfEf706VJYSIibpKrcPkCmOPGB_gYoPCkrps7JXYV5mGletNTVowFthDT6ygLZzMnv-01VtTZcS-biDy8m_T8wbnY1hIA', 'AQDoJsYSlP0FIC7Z_n7-Q_vQq5PLT0GOOXc4zhhNsgsaeBD19I4fCWLQcDXsH_sObvhnNzB_GqzyUS5CXnStuKEf65W2c4Ay8P72gs3KxLDs-iRri68uvigsNBoZvpG4XyQ', 'pooobcz7tjgz4cqlj8iw6vpno'),
('BQD0LdeIbystjyN87jYPWeGbiFiEZszb_Z6Dq9-3di8KUAKcyMDxwoLpHcMAiveaXLdlxzOtPnsoyAIRjw01pV9YIYS9OWUGw8KXQcGm8lNdUzyWj3nPCeIoyl3lhMyHGAcsO2q4xoRKujdJzGxeF3_6t-vMgIHNKk_gma5raoFEGCyQ3nIwdKxo2egADSk67pNv5s7wgdzzxZiaLcf96mzVKx_TB_47Jg11Zk236K2e0ww0t46-ZxyAc8hi0Cpb3ins7ehEw6OIwKOc39MSIHq0BStURKvLiSsrOflNfX1kIVB7pMWwETyzlXGZyw', 'AQCnvtlLfSd1C4lefaJqexIOOQVKMp5S1aPELSPW9493DkLoSoCc3kHbW6fbsd3OG7hsIOkNCdGLckyxYRNEUE5AQzciWHJRMfCY0sQb9Fb_jSLIpJxYvjttCvixF7gFeuZyuw', NULL),
('BQD3gGunx4Ara-5jAguWmNYxYEOEsvTzEgm0wXBgzZP4b_rUNboq875PUBtTHvg_uAMATWRsRw-Job1f7g8BkfVQ-rEx2fXMRjStr8bsi4mLJqtfhvfRS7eAXl7OqI6IvujELMp3AJwI0sHoBK-ZqTv7N6x6lo71ATWEtBx--J6PPQuyKuYBJ-yX1sjih-fEsfSo0sc0afGSF5rQXlGrXWNGH1E5z5wV9lRUhB_2YqEWwWn6s4_JFekkedTzGaMdvNWQxKdpJyiJaMjSYleUto7IK0R7OilROS6dIW5KEi7oDkk1XHtL', 'AQA9i9fdbwhbCptTzaQpabrcjXDtRSCZKvBIRSyBRKWj2N-a_qPuackx31EHT7M1VvacLWqdUYgat1Op0L_KoI63FtPMzWdEeFmgdkG6HGbYgLh-J1uATEn14G1WCRUZh6cmdQ', 'pooobcz7tjgz4cqlj8iw6vpno'),
('BQD3jolD65fyE78RyD3F9FSJtlATpfki_ycZY13Un8yXKkyUdLxDdT43U6f1HzXBIKv-gGngt6eYN7a-qV5Y2u_uGi-DuKXeaXDhp3OeGS6Cx9seXU-5ftyF3uf_HUouorZvQwO0BKLvMJa_MSonyuiWEcSsVTu06vMnGIt_4WZd4iEh0A4jWJtmSlZ4Qni0uI9t-OsCLyYn-ppZRbO75SFmWr5l1GiKUjgikCs7jmyHy6LIVZEcFX09N1XEatrrI454-8xcgBmJVTooHcm7JjE4Ac5XOLZ43Q', 'AQAxQB1oRa1DYPw_rjDvdJI4j_0Lm2g2EwDgujAwPJLoet07NwfLSXM9odsAU3qfG0rVagWWpGscGwZLTuAwTVmV0CLbg_MUJb7Y7HN3sPYZd6_zwpoF7pbM80P6nd_lOLo', 'pooobcz7tjgz4cqlj8iw6vpno'),
('BQD8wQgDxcgzRPAE78g-jV6PYsbGqtLO_gEu2FYTn9HCTPfnQxCGXeeBrImMk4gcpZzrKO29znTQS30AsH6d_iXJ88ujWNjvrPt39OTnM3fc2uiPVk7ceYzIoJTiZlMWltSq4gHWe2dwH6VQLO3RLyjZDtUPialgQSJunuQeFjs85CswAMsVWiblSga-aaaoQuwsE4d4M8cv0JzjsZVfqFN7FOCGmq4Na3HcFVkfdll3DTRiyszsaLsziWf2SEVAtAAZZqf_FqkBbPIoc6zVSXX9PDWedzJP_gDemy3JsfM', 'AQC1jwgxrjSr0_pyxmp3ckYNZ11w6GbKoVG6ZR_lm0bEn_H_mioOo1FCP9pIa9gf8kx9zF9Kq6v9mlUwz6WJ2IN-OfYg2wcjcHWvFsC9R54-kehJzzArOibfQwnWcwYmPTY', 'pooobcz7tjgz4cqlj8iw6vpno'),
('BQDA-4U10OKmvr1kBm8gckiJ6-v5btN0SYFWSdqn33NPw6Ie3zw2_rnzL6IZuzrxoKxVA2EEgpYgPVun-QmOYrT2cRw_7cbydLaElRwNT4iFMKEV1-8VKHM4Ff_g6ntvr4ud8xcbSOJduyF_blKT00d8fOeaPdYFiyRT646f1KvjAYw8ruv_bl1F66X2HBlTIWLQ5k4pTiCHEoY59AYodq7Hzqi1KO-Vc8Ru0ggFAtIg8U4t0tOHVyEYeTvgRmZieEZSkEGjUOhclC68QlxJY360-xOBQKsHAwRtnF-lTaxrhtiPcRbR', 'AQAz_853U9Jk7bnIJj0Yc9VKy5bJMZCCOqD3npJNVZLEBuWy-heH4V7Tf4RwcLa22D2iETL00xY2dTvRoERLDiOlQhSNs8Ljm-5fEyx4C3WpZ7rsrOmhxIjzZYZS59mqR3R6cg', NULL),
('BQDALEqkEPYVTrDnD4Pgp4HsSDN6iD0Uj33kA4Ig1F5h7Yjc0KwzCqdxn_NXAWIpElft0Tkgy99eNaUrLXiD5TesJjAybYLe58JLc865OFh8vyheQ-MqvCxPrZTpOGoLfB4cXXBFjfj3A4m0a88XJQXjt0iOTA5NOsWagYjVJUtxsb_ebzbfRLP_v1ws81mi0WztdedL13o2SyO5tbOe_zrI38RTFqOaLKtV__axoNObEenzYhwJaQWbTl0ndgTOvpjHzWywL-iCMgJhmopvtw4XJWIpDaO_PzC8rdwIYbJyeWWioDU0wv2T1jHKjg', 'AQAS3laUNgXlP_b4RlAuxhPt2T8hcRfqt_bXxBhHntnnlUMQELPyfC3nsKSsdCXnDFDgmO6BFomdAmnqyZDBnOBqRY3r_cPBaq8CuVvUUHG40BMZ11aDGw5ovelYfTVKByM74A', NULL),
('BQDIeUCjWOne8QS8_PZocGjatRE3WSnaEtapyga62_l23FRn0wWnMZYMVGwOlOvEt5BkBivPHwYo-NxFWqoEpI3_A3rtZSf1ss9plz_rVbUHDOLUL6VwGosEBfjm0MkIcwy_0KMBFJ2K-cuQsg7_z0SGB4mLl29FgoSTzYpGq4TNNep4DI4YZdF_2R8fyoglqc0smlBdd85A2YysPpvIZugpnDKrbTqP4lSfUhbcAInF6cgmU5ZeRzuyNcfprK6b_FOTMIqrIwHHOPyY2_EfnNyWoYbTXwU8pu5THaFQid900kMJVjKA', 'AQBEWtyo4B-iiHAyVExFuIlzgoNQcVIXKHn4fFN6PL_GuecV9kFNx-B0OBtPtqv85gNWAW612ln6xRjkKU83jecAZoWRyPmPS0l4KAW77ssot0GVYFYhqbwG3_IY4telzNCXbg', NULL),
('BQDj1JUmDBC9CjmnMK_SCETCpA36qzgKPVyumP0otDeCkPqrQaZ_GDIZ1mjRwx5Ef0W3JkcaGxrhtrzH9-JtGWNeW1GRxvsfUDlDfRjh158qeS2X2SYaVStyB_BKcurcxgNq7G8OhNoR7FDkWDa6eTPr1hxj9JEhkgjhtTnfGsNmAx4eSv8CJ6Lt6mI19xtEJ5oDMF55Vo4JyXumVPQPZqlIMgce0ZqioF22AHU_2Np5BTjWzgkcUliHftLIc6lwsH1qnr_nBb8rSKETmkvW8dutalKXzEyqLQ', 'AQATAHzgz1rDWuzvUM5Nq5fMX9avs5fOvPRCCiRz17tJKek6e6oFXYjN8XqSZLMBkOVu2qGynrwdqeS3xL6nbNw81momn1Cu24Ttg9aA990kQ0T0VXriSTYIuvnYE0RwHnw', 'pooobcz7tjgz4cqlj8iw6vpno'),
('BQDJ8OnI4JBIm3HnEiBUYZlnhmtci_Ik80YJSUpcqv5PVKgTHdz2tVZojdeSdD5h4c7JAlOvSIPCUI0hYCFnXrYkYuXnq5opWdWqBu92et32JCcXelaEw98OCFr7qyCA1-A4LsNgRw4hSy_TXZ6g6FOMuw2vc7bfwPvlrt8Y5H7Gw7BdebrhZ1fIhabBB-RhEDmBYOocLA8PaMY1ZYHJRtf_ponHBKMTYn2hn9Y_dw8W6_5XHUPBGDtGZ5mFz43coTP13lJqTqTW9e11Km4C3WdHcvGY1fUdc_0KIY_p_kLoeHK1w2PG', 'AQDUUrXqhaEMfOvTHvdKDiWqAoRQbdYdZK3UUf0zW-Y1V_K6B7E8vbPfi7SB5zKwCOY5uA09bIi35gUpOhHkWoFk5evKDgR5-Ozxj_kjm4DaRVkWfZo3E0ZhhGJ1yjD6UHk9Yw', NULL),
('BQDJUdSzF0Xx9xot8QntfVM0kfRkJ3CRI0t4B2fLUewhUzW33AK2rKxmL3siwo0S09Sg8MIOEfa4byv2ros3VrDyTN0t1yjO31n1h-NBsPbPynGgjDZ5EArKN-y_vTz-rk40FsQWDsXGMra_y7rRNamz3p7KZ4PKaP8pTBRqSPc6I4UaOY2u9fpcTtfHGFLpMZ7Kfad_SPZ_3a5Dk1f4QuoAd0HKR46KYU0doZutRiJkJXszGkrl7lD2wEsmWVicXXD8kIXfTV6VDPqKxkBuzWu8ELDXq_Qkkg', 'AQB01ao07ITrpoUxkhPpDycaQeurAXemlBSGA6VG6grwQxgKNN1Ywydrwc0IgoWL4P7sbv8TyMfDr9TjqLSJJF9X3aWxJvcw2KZ7LzvwzlRhF-XakJ7wN8W4FKQzezFyp8k', 'pooobcz7tjgz4cqlj8iw6vpno'),
('BQDJXgYmkDXiPtX14Ttu-pOc-qlUt46pK_zVzS1w3wRmw81vws1vnBJlY5fPZ5HTKnxywfxTXIwIzx7ckbrc1lgDRCg2K26GOQgggV88-mtZ8Q4UBu7FAr3_mWLzV_yDUMIsDYcZ7mbagi7PT1uzCH0tFwS7s2HVwxlKnaGOgDrJ-5jB8a3xhw5M0OMxcQGOkXJ8Dj3ED7-CnJhQ8IIQ9bqB9gwzkkcz5lrF2H6A7ZtFwrHrw3jbxEaJgMzl7yGBtkozUbYEpfuM_IV35BDBErSzjx00f4VeVFnJAQ_xyLI', 'AQCBRXWJ45B7Pjc4bIKq7ZsF4XJ0Xx1noqj9kHvSBMA--ht3QQZenAuOEJA3pmQlZy-UZ8uOBXZmosBIPnncQzCXztGdpvMNdKNRjhv7D5bSbfGsXp17RheTnEREM7JjNG0', 'pooobcz7tjgz4cqlj8iw6vpno'),
('BQDk1_U9j4eRxQSVShzQ6ktRI137OM8_P1d3Ls6uZMau04M_10q4fIop_HOeFSTYbainKu7h-G2kT2dAy74BfJajtN7XPcoHbWElHcWkxDztvb1lcy3gvbV3xpf3M0rulRJD05zGdYTvjot4MVJmE9JlZxZD9FuTW1iqqy2mGww4Tgwdw9487d5UoVzIr2LOz97Nx812o1zxX5sDrtQH3uA0-l4Xr7w8QAJeyYIA4B-0yzBE0cvAnp1-1R9t7bz8UPbfPzqRzDXibjowgbFIJHomO1KHD5LSRg', 'AQDgarcO-R1TfrQ2zeiN8nleAaWtbr7CDFG7_agqmzEyJh4onrvk1XbdTRmC1pu72W4aTrv7eB5L0pLesc7uXh5IWIvdBJj64GsbTXtraJMfGJUDedz46VQgx_X5Yu-5x74', 'pooobcz7tjgz4cqlj8iw6vpno'),
('BQDuilzieXp4fvC72UHaN6962pNeuQOarRT_DIwBQc8QP6w5wv6E0b6d-0qDg66lD1B0XaOWnhfYVF9-YcZ7pwKpH2zndnXdn9yUL0Zb8LE_7gOzpTVoeGAebgE39ZLMaqMzuMqCYiOTLpP1kW82JZ4Dkubvr-AKRnwHRgVImM1rqnfyZnrjV2XuEhEP6hfyV9MLPezddZ0tMXMgaQi5DBxNiCMe0pUJdWs2v_fFrY7e2a9Y6r4b6NbTSR7ifNAeEUPM38Yruntl2A-3yZ2NeHjyhSXCzpd0ITUiRhAnBJA', 'AQDjCOIiccZGqQLUuPOS9cyr7cYDWnGdiiUPmA_pCrI6JCaicnzeRFAGaGtbQ7ULy_7nEJ5YMK80LNRtmFIBWUbshgdbuFJzxr-NnQgxT5nJmXMFlkcXToWoAHxrlOCP_48', 'pooobcz7tjgz4cqlj8iw6vpno'),
('BQDwa9XtCR9xzXpE3HIn1wnP4SupJ1rPpg9S2KhGM6oKxTy4Ajc9f_P16vN4mVhlRdoXnGL1O1Q_MgnNBIPZpOOyjsnGFB5eHlm8-2Yv5c_Yf_BByb4_JgmPQKDlyDK4t-qGSCcSwliBMoZZ3vOsFT1RQS0O2GeKzp-xkRX6WRoNSh4xE4b-KqWKwFug18_O27WAmbwcV2my98_lD5YGShCIq0NdfUuThZgI_gwjwBW6noTlr8CWGE8RlItMf6-77lw4FSaizTeS815zxLYaLGGQ3tEiKye2cQ', 'AQBV3TOvKqJi3UuA1F-MZ3XXUFMP-MtdpQaQE9vvGAcqyE-5WDoo_AVYDKNoUOsiPW_8vfL9dVVXsFTG5JASyY6TUs-PMBjs7nkEfB4t1KeFQhqB96Rfqi8E6j2s7bQtzZU', 'pooobcz7tjgz4cqlj8iw6vpno');

-- --------------------------------------------------------

--
-- Struktura tabeli dla tabeli `genre`
--

CREATE TABLE `genre` (
  `id` int(11) NOT NULL,
  `name` varchar(128) COLLATE utf8_polish_ci NOT NULL
) ENGINE=InnoDB DEFAULT CHARSET=utf8 COLLATE=utf8_polish_ci;

-- --------------------------------------------------------

--
-- Struktura tabeli dla tabeli `playlist`
--

CREATE TABLE `playlist` (
  `id` varchar(255) COLLATE utf8_polish_ci NOT NULL,
  `name` varchar(128) COLLATE utf8_polish_ci NOT NULL,
  `description` text COLLATE utf8_polish_ci NOT NULL,
  `thumbnail` varchar(255) COLLATE utf8_polish_ci NOT NULL,
  `public` tinyint(1) NOT NULL,
  `collaborative` tinyint(1) NOT NULL
) ENGINE=InnoDB DEFAULT CHARSET=utf8 COLLATE=utf8_polish_ci;

--
-- Zrzut danych tabeli `playlist`
--

INSERT INTO `playlist` (`id`, `name`, `description`, `thumbnail`, `public`, `collaborative`) VALUES
('0il25WHvAAwk836tVtIkL1', 'Doomer stuff', '', 'https://mosaic.scdn.co/640/ab67616d0000b2738b7a5660aeb00a285ca66ffeab67616d0000b273a54f2b401501b3569990c256ab67616d0000b273cf3cae14f22903a8d098c831ab67616d0000b273e461745c8728c3fdb048422f', 0, 0),
('0N9ZXTQ3DL0bNZoiCizDot', 'More Than a Feeling', '', 'https://mosaic.scdn.co/640/ab67616d0000b2734d54f9eccf5646d0f7a1bd30ab67616d0000b2737e648f95f0e0495694309569ab67616d0000b27394c231c9766fae463fcf8614ab67616d0000b273956407870367d110936dce52', 0, 0),
('1BdDF41rHbuQwnm65K79I3', 'Brvtal', '', 'https://mosaic.scdn.co/640/ab67616d0000b27320c78fad5cee6acde909d276ab67616d0000b27374f5c79d11cfee31a3ee2100ab67616d0000b273d23c71c684a6e4d669e8deffab67616d0000b273dcbd25c605dddb32022cecba', 0, 0),
('1lkvxtdshCKjfzZ8J3aPRV', 'Scream Your Heart Out', '', 'https://mosaic.scdn.co/640/ab67616d0000b273865b538169f199dac610b854ab67616d0000b273985bf5ede2fe4a048ee85f28ab67616d0000b273b4ad7ebaf4575f120eb3f193ab67616d0000b273e2f039481babe23658fc719a', 0, 0),
('1oAiNgWuhbA0fNqCkaOrfP', 'Hip-hop', '', 'https://mosaic.scdn.co/640/ab67616d0000b2732f0aca18409da2f159f76033ab67616d0000b273a211c5da44a983132d42f8b6ab67616d0000b273f83cbf5c904d383623b23211ab67616d0000b273fab3bfcc801b1d28701da1df', 0, 0),
('204GvZnkJrxtfe1fm41rkX', 'Chef\'s kiss', '', 'https://mosaic.scdn.co/640/ab67616d0000b27377f3be163402d588efea1a62ab67616d0000b2738e411f06d11a04c99df55247ab67616d0000b273a81759a2f4b52112321ef431ab67616d0000b273cf3cae14f22903a8d098c831', 0, 0),
('27o0FFZYiN1Dm6RghzBEoc', 'blink-182', '', 'https://mosaic.scdn.co/640/ab67616d0000b2730153faf0def5084faabe2b0fab67616d0000b27354a8f4f9158546472fbb7280ab67616d0000b2735e6cb7bd362671e2c2212ff9ab67616d0000b2736da502e35a7a3e48de2b0f74', 0, 0),
('2EqHssnN6tcOfjCrlj3UBv', 'One must imagine Sisyphus happy ', '', 'https://image-cdn-ak.spotifycdn.com/image/ab67706c0000bebbef06696b2c0041aa212e6441', 0, 0),
('2pB88RqqETdmeoTYQDqFJY', 'Dreamy/Pensive', '', 'https://mosaic.scdn.co/640/ab67616d0000b2734cf0b29eb06a92aa96acae64ab67616d0000b273632385d444d02faee18942d8ab67616d0000b2736dad3fe19b2dbeb1b58093a3ab67616d0000b273aaeb5c9fb6131977995b7f0e', 0, 0),
('35KWVQnyLwYz6Qqyt9a3NZ', '10+', '', 'https://mosaic.scdn.co/640/ab67616d0000b2735b1198d3092ab8fb03208795ab67616d0000b273c34064a3c5e4a25892a091f3ab67616d0000b273e8e64b44a4911d76d730e955ab67616d0000b273f6339451fdf4b62bfdc2d54b', 0, 0),
('3Cm1k2T31FN2SSjFt0AB0E', 'asda', '', '', 0, 0),
('3gAHfzSkLlkE70AGDcaGFI', 'playlist 1', '', 'https://mosaic.scdn.co/640/ab67616d0000b2731f61ab26a0cc52335737e1afab67616d0000b2732c41c8d897fdec11e76fe23dab67616d0000b27389eb06a89ec7288b82131f54ab67616d0000b273d816391e3bd916cfa595d67e', 0, 0),
('3KctFzKVrBCxCoqisST8K4', 'Emotional', '', 'https://mosaic.scdn.co/640/ab67616d0000b2737948eec521c67e76cafe30a0ab67616d0000b2739e96053ab78c9ac7a7db42edab67616d0000b273cf84c5b276431b473e924802ab67616d0000b273de09e02aa7febf30b7c02d82', 0, 0),
('3oz5T5FTzITtjVE9RrQNQs', 'System of a Down', '', 'https://mosaic.scdn.co/640/ab67616d0000b2732dc63e977bd5101072adcef6ab67616d0000b27330d45198d0c9e8841f9a9578ab67616d0000b273c65f8d04502eeddbdd61fa71ab67616d0000b273f5e7b2e5adaa87430a3eccff', 0, 0),
('3rV1NCX9kyOK9Yh3anccVX', 'Electronic', '', 'https://mosaic.scdn.co/640/ab67616d0000b273238df4a25ff76ca42a8062f9ab67616d0000b273bce53a924b756cbaf8aa245cab67616d0000b273e38c8675d3182af8d277d026ab67616d0000b273f3b5579aa7709d78ed3ff98e', 0, 0),
('4f1KNClIU2jCk8paWY98UP', 'Anything but rock', '', 'https://mosaic.scdn.co/640/ab67616d0000b2737b1f8a6d8332d726cf5bfc95ab67616d0000b273b0971ef0c941e8b40c6c98dbab67616d0000b273be9fa0b820bcd93392d4047bab67616d0000b273e38c8675d3182af8d277d026', 0, 0),
('4SagtDqB0dU3k4glzMpcge', 'Ambient', '', 'https://mosaic.scdn.co/640/ab67616d0000b2734b9ee6369a38d3ad93a73efaab67616d0000b273c947e75955f98a909a805a10ab67616d0000b273f399efa20097105e9db88560ab67616d0000b273f856350a1d822c5ea921e843', 0, 0),
('4WRYHi3n3cyG6fNqr7N8Ad', 'Sisyphus', '', 'https://image-cdn-ak.spotifycdn.com/image/ab67706c0000bebb4b65ec53a4ca40100941e6d4', 0, 0),
('4zWiE9p3jOq6SGUrkOB43n', 'Poppy', '', 'https://mosaic.scdn.co/640/ab67616d0000b273148e78020adb43391ac529e9ab67616d0000b27345226dac6e9c1feb3c8ee548ab67616d0000b273c947e75955f98a909a805a10ab67616d0000b273d9bed8db401839868909f77d', 0, 0),
('5aluL3kxqrqSHMxx4s9rSE', 'Metallica', '', 'https://mosaic.scdn.co/640/ab67616d0000b273668e3aca3167e6e569a9aa20ab67616d0000b2737c05e69390ab7c628a83cee7ab67616d0000b27396a926d07aea417327ea024aab67616d0000b273cf84c5b276431b473e924802', 0, 0),
('5FD3Qfdbrf47pVQT7ux9Y9', 'Copyright-Safe', '', 'https://mosaic.scdn.co/640/ab67616d0000b27379b0c43d428463311390e98fab67616d0000b273a14bde3828817cb3febda2a4ab67616d0000b273a81759a2f4b52112321ef431ab67616d0000b273d95c662429ef66aed3249cab', 0, 0),
('5rBKQ9qLl3H0OOpb3HLjNr', 'Foo Fighters', '', 'https://mosaic.scdn.co/640/ab67616d0000b2730389027010b78a5e7dce426bab67616d0000b273126420226a30aa75a2f52691ab67616d0000b2731759635c92b6314d3d3c9fe9ab67616d0000b273b00ee453b3496535eaa6e4b3', 0, 0),
('5sBuDq4wgKZv1JDeBBQa0A', 'despair', '', 'https://image-cdn-ak.spotifycdn.com/image/ab67706c0000bebb5075775d6219e59ae1f74844', 0, 0),
('6ONwIkBKfkjEfhkmZE4Fu6', 'Heartbreak', '', 'https://mosaic.scdn.co/640/ab67616d0000b2730538b48c180256e0bdd8363fab67616d0000b273198542728b101474c4afe0a1ab67616d0000b2736dad3fe19b2dbeb1b58093a3ab67616d0000b273de09e02aa7febf30b7c02d82', 0, 0),
('6vNrHhZNbWLnAAP3zklsYQ', 'Funnies', '', 'https://mosaic.scdn.co/640/ab67616d0000b2734d54f9eccf5646d0f7a1bd30ab67616d0000b27354a8f4f9158546472fbb7280ab67616d0000b2737b1f8a6d8332d726cf5bfc95ab67616d0000b273be61aa4720d1bcf94ef1cbaf', 0, 0),
('73ePdN4qDLhrYB7doZ6d3y', '(Mostly) Instrumentals', '', 'https://mosaic.scdn.co/640/ab67616d0000b27326e6b6f666ef40b6b8365e3eab67616d0000b273368e8b47321e322159b8fde1ab67616d0000b2737c05e69390ab7c628a83cee7ab67616d0000b273f399efa20097105e9db88560', 0, 0),
('7pF0Uqvn7dimX5hGpWm5q2', 'Dark', '', 'https://mosaic.scdn.co/640/ab67616d0000b27396a926d07aea417327ea024aab67616d0000b273a4c79ec8f98d1866d266f5afab67616d0000b273c8b444df094279e70d0ed856ab67616d0000b273e461745c8728c3fdb048422f', 0, 0),
('7wL35TZHU6t9m6KkemYXDN', 'Flatout Ultimate Carnage soundtrack', '', 'https://image-cdn-ak.spotifycdn.com/image/ab67706c0000bebbc7e1f45b012a9ece1873527a', 0, 0),
('7yTtFDjNZCp7XdVmkWjuIl', 'Power up!', '', 'https://mosaic.scdn.co/640/ab67616d0000b27328933b808bfb4cbbd0385400ab67616d0000b27383e260c313dc1ff1f17909cfab67616d0000b27398f415abb90d728279f056acab67616d0000b273bbdafec608fc5329ec2ad831', 0, 0);

-- --------------------------------------------------------

--
-- Struktura tabeli dla tabeli `playlist_tracks`
--

CREATE TABLE `playlist_tracks` (
  `playlist_id` varchar(255) COLLATE utf8_polish_ci NOT NULL,
  `track_id` int(11) NOT NULL,
  `position` smallint(6) NOT NULL
) ENGINE=InnoDB DEFAULT CHARSET=utf8 COLLATE=utf8_polish_ci;

-- --------------------------------------------------------

--
-- Struktura tabeli dla tabeli `track`
--

CREATE TABLE `track` (
  `id` int(11) NOT NULL,
  `title` varchar(128) COLLATE utf8_polish_ci NOT NULL,
  `artist_id` int(128) NOT NULL,
  `album_id` int(128) NOT NULL,
  `release_year` year(4) NOT NULL,
  `duration_seconds` int(11) NOT NULL
) ENGINE=InnoDB DEFAULT CHARSET=utf8 COLLATE=utf8_polish_ci;

-- --------------------------------------------------------

--
-- Struktura tabeli dla tabeli `track_genres`
--

CREATE TABLE `track_genres` (
  `track_id` int(11) NOT NULL,
  `genre_id` int(11) NOT NULL
) ENGINE=InnoDB DEFAULT CHARSET=utf8 COLLATE=utf8_polish_ci;

-- --------------------------------------------------------

--
-- Struktura tabeli dla tabeli `user`
--

CREATE TABLE `user` (
  `id` varchar(255) COLLATE utf8_polish_ci NOT NULL COMMENT 'Spotify user ID',
  `username` varchar(30) COLLATE utf8_polish_ci NOT NULL,
  `profile_picture` varchar(255) COLLATE utf8_polish_ci NOT NULL
) ENGINE=InnoDB DEFAULT CHARSET=utf8 COLLATE=utf8_polish_ci;

--
-- Zrzut danych tabeli `user`
--

INSERT INTO `user` (`id`, `username`, `profile_picture`) VALUES
('pooobcz7tjgz4cqlj8iw6vpno', 'Ephemeral', 'https://i.scdn.co/image/ab67757000003b8233647b39af0944223e007339');

-- --------------------------------------------------------

--
-- Struktura tabeli dla tabeli `user_playlists`
--

CREATE TABLE `user_playlists` (
  `user_id` varchar(255) COLLATE utf8_polish_ci NOT NULL,
  `playlist_id` varchar(255) COLLATE utf8_polish_ci NOT NULL
) ENGINE=InnoDB DEFAULT CHARSET=utf8 COLLATE=utf8_polish_ci;

--
-- Zrzut danych tabeli `user_playlists`
--

INSERT INTO `user_playlists` (`user_id`, `playlist_id`) VALUES
('pooobcz7tjgz4cqlj8iw6vpno', '0il25WHvAAwk836tVtIkL1'),
('pooobcz7tjgz4cqlj8iw6vpno', '0N9ZXTQ3DL0bNZoiCizDot'),
('pooobcz7tjgz4cqlj8iw6vpno', '1BdDF41rHbuQwnm65K79I3'),
('pooobcz7tjgz4cqlj8iw6vpno', '1lkvxtdshCKjfzZ8J3aPRV'),
('pooobcz7tjgz4cqlj8iw6vpno', '1oAiNgWuhbA0fNqCkaOrfP'),
('pooobcz7tjgz4cqlj8iw6vpno', '204GvZnkJrxtfe1fm41rkX'),
('pooobcz7tjgz4cqlj8iw6vpno', '27o0FFZYiN1Dm6RghzBEoc'),
('pooobcz7tjgz4cqlj8iw6vpno', '2EqHssnN6tcOfjCrlj3UBv'),
('pooobcz7tjgz4cqlj8iw6vpno', '2pB88RqqETdmeoTYQDqFJY'),
('pooobcz7tjgz4cqlj8iw6vpno', '35KWVQnyLwYz6Qqyt9a3NZ'),
('pooobcz7tjgz4cqlj8iw6vpno', '3Cm1k2T31FN2SSjFt0AB0E'),
('pooobcz7tjgz4cqlj8iw6vpno', '3gAHfzSkLlkE70AGDcaGFI'),
('pooobcz7tjgz4cqlj8iw6vpno', '3KctFzKVrBCxCoqisST8K4'),
('pooobcz7tjgz4cqlj8iw6vpno', '3oz5T5FTzITtjVE9RrQNQs'),
('pooobcz7tjgz4cqlj8iw6vpno', '3rV1NCX9kyOK9Yh3anccVX'),
('pooobcz7tjgz4cqlj8iw6vpno', '4f1KNClIU2jCk8paWY98UP'),
('pooobcz7tjgz4cqlj8iw6vpno', '4SagtDqB0dU3k4glzMpcge'),
('pooobcz7tjgz4cqlj8iw6vpno', '4WRYHi3n3cyG6fNqr7N8Ad'),
('pooobcz7tjgz4cqlj8iw6vpno', '4zWiE9p3jOq6SGUrkOB43n'),
('pooobcz7tjgz4cqlj8iw6vpno', '5aluL3kxqrqSHMxx4s9rSE'),
('pooobcz7tjgz4cqlj8iw6vpno', '5FD3Qfdbrf47pVQT7ux9Y9'),
('pooobcz7tjgz4cqlj8iw6vpno', '5rBKQ9qLl3H0OOpb3HLjNr'),
('pooobcz7tjgz4cqlj8iw6vpno', '5sBuDq4wgKZv1JDeBBQa0A'),
('pooobcz7tjgz4cqlj8iw6vpno', '6ONwIkBKfkjEfhkmZE4Fu6'),
('pooobcz7tjgz4cqlj8iw6vpno', '6vNrHhZNbWLnAAP3zklsYQ'),
('pooobcz7tjgz4cqlj8iw6vpno', '73ePdN4qDLhrYB7doZ6d3y'),
('pooobcz7tjgz4cqlj8iw6vpno', '7pF0Uqvn7dimX5hGpWm5q2'),
('pooobcz7tjgz4cqlj8iw6vpno', '7wL35TZHU6t9m6KkemYXDN'),
('pooobcz7tjgz4cqlj8iw6vpno', '7yTtFDjNZCp7XdVmkWjuIl');

-- --------------------------------------------------------

--
-- Struktura tabeli dla tabeli `user_preferences`
--

CREATE TABLE `user_preferences` (
  `user_id` varchar(255) COLLATE utf8_polish_ci NOT NULL,
  `language` int(11) NOT NULL,
  `theme` int(11) NOT NULL
) ENGINE=InnoDB DEFAULT CHARSET=utf8 COLLATE=utf8_polish_ci;

--
-- Indeksy dla zrzutów tabel
--

--
-- Indeksy dla tabeli `album`
--
ALTER TABLE `album`
  ADD PRIMARY KEY (`id`),
  ADD KEY `FK_album_playlist` (`playlist_id`);

--
-- Indeksy dla tabeli `album_artists`
--
ALTER TABLE `album_artists`
  ADD PRIMARY KEY (`album_id`,`artist_id`),
  ADD KEY `FK_album_artists_artist` (`artist_id`) USING BTREE;

--
-- Indeksy dla tabeli `artist`
--
ALTER TABLE `artist`
  ADD PRIMARY KEY (`id`);

--
-- Indeksy dla tabeli `connection`
--
ALTER TABLE `connection`
  ADD PRIMARY KEY (`access_token`),
  ADD KEY `FK_user` (`user_id`);

--
-- Indeksy dla tabeli `genre`
--
ALTER TABLE `genre`
  ADD PRIMARY KEY (`id`);

--
-- Indeksy dla tabeli `playlist`
--
ALTER TABLE `playlist`
  ADD PRIMARY KEY (`id`);

--
-- Indeksy dla tabeli `playlist_tracks`
--
ALTER TABLE `playlist_tracks`
  ADD PRIMARY KEY (`playlist_id`,`track_id`),
  ADD KEY `FK_playlist_tracks_track` (`track_id`);

--
-- Indeksy dla tabeli `track`
--
ALTER TABLE `track`
  ADD PRIMARY KEY (`id`),
  ADD KEY `FK_track_artist` (`artist_id`),
  ADD KEY `FK_track_album` (`album_id`);

--
-- Indeksy dla tabeli `track_genres`
--
ALTER TABLE `track_genres`
  ADD PRIMARY KEY (`track_id`,`genre_id`),
  ADD KEY `FK_track_genres_genre` (`genre_id`);

--
-- Indeksy dla tabeli `user`
--
ALTER TABLE `user`
  ADD PRIMARY KEY (`id`);

--
-- Indeksy dla tabeli `user_playlists`
--
ALTER TABLE `user_playlists`
  ADD PRIMARY KEY (`playlist_id`,`user_id`) USING BTREE,
  ADD KEY `FK_user_playlists_user` (`user_id`);

--
-- Indeksy dla tabeli `user_preferences`
--
ALTER TABLE `user_preferences`
  ADD KEY `FK_user_preferences_user` (`user_id`);

--
-- AUTO_INCREMENT dla zrzuconych tabel
--

--
-- AUTO_INCREMENT dla tabeli `album`
--
ALTER TABLE `album`
  MODIFY `id` int(11) NOT NULL AUTO_INCREMENT;

--
-- AUTO_INCREMENT dla tabeli `artist`
--
ALTER TABLE `artist`
  MODIFY `id` int(11) NOT NULL AUTO_INCREMENT;

--
-- AUTO_INCREMENT dla tabeli `genre`
--
ALTER TABLE `genre`
  MODIFY `id` int(11) NOT NULL AUTO_INCREMENT;

--
-- AUTO_INCREMENT dla tabeli `track`
--
ALTER TABLE `track`
  MODIFY `id` int(11) NOT NULL AUTO_INCREMENT;

--
-- Ograniczenia dla zrzutów tabel
--

--
-- Ograniczenia dla tabeli `album`
--
ALTER TABLE `album`
  ADD CONSTRAINT `FK_album_playlist` FOREIGN KEY (`playlist_id`) REFERENCES `playlist` (`id`);

--
-- Ograniczenia dla tabeli `connection`
--
ALTER TABLE `connection`
  ADD CONSTRAINT `FK_user` FOREIGN KEY (`user_id`) REFERENCES `user` (`id`);

--
-- Ograniczenia dla tabeli `playlist_tracks`
--
ALTER TABLE `playlist_tracks`
  ADD CONSTRAINT `FK_playlist_tracks_playlist` FOREIGN KEY (`playlist_id`) REFERENCES `playlist` (`id`),
  ADD CONSTRAINT `FK_playlist_tracks_track` FOREIGN KEY (`track_id`) REFERENCES `track` (`id`);

--
-- Ograniczenia dla tabeli `track`
--
ALTER TABLE `track`
  ADD CONSTRAINT `FK_track_album` FOREIGN KEY (`album_id`) REFERENCES `album` (`id`),
  ADD CONSTRAINT `FK_track_artist` FOREIGN KEY (`artist_id`) REFERENCES `artist` (`id`);

--
-- Ograniczenia dla tabeli `track_genres`
--
ALTER TABLE `track_genres`
  ADD CONSTRAINT `FK_track_genres_genre` FOREIGN KEY (`genre_id`) REFERENCES `genre` (`id`),
  ADD CONSTRAINT `FK_track_genres_track` FOREIGN KEY (`track_id`) REFERENCES `track` (`id`);

--
-- Ograniczenia dla tabeli `user_playlists`
--
ALTER TABLE `user_playlists`
  ADD CONSTRAINT `FK_user_playlists_playlist` FOREIGN KEY (`playlist_id`) REFERENCES `playlist` (`id`),
  ADD CONSTRAINT `FK_user_playlists_user` FOREIGN KEY (`user_id`) REFERENCES `user` (`id`);

--
-- Ograniczenia dla tabeli `user_preferences`
--
ALTER TABLE `user_preferences`
  ADD CONSTRAINT `FK_user_preferences_user` FOREIGN KEY (`user_id`) REFERENCES `user` (`id`);
COMMIT;

/*!40101 SET CHARACTER_SET_CLIENT=@OLD_CHARACTER_SET_CLIENT */;
/*!40101 SET CHARACTER_SET_RESULTS=@OLD_CHARACTER_SET_RESULTS */;
/*!40101 SET COLLATION_CONNECTION=@OLD_COLLATION_CONNECTION */;
